Brand,Model,Year of Manufacture,Transmission,Fuel Type,Engine Capacity (cc),Mileage (km),Price Rs.
Honda,Civic Tech Pack Sedan,2019,Automatic,Petrol,1000,55000,"Rs. 14,250,000"
BMW,320D,2013,Automatic,Diesel,1990,107000,"Rs. 19,750,000"
Volkswagen,Transporter,1987,Manual,Diesel,3000,0,"Rs. 1,600,000"
Toyota,Camry,2015,Automatic,Hybrid,2500,105000,"Rs. 19,500,000"
Honda,Ax 1,2009,,,250,0,"Rs. 680,000"
Suzuki,Wagon R Stringray,2017,Automatic,Hybrid,660,126000,"Rs. 6,925,000"
Toyota,Axio Hybrid G Grade,2016,Automatic,Hybrid,1500,129000,"Rs. 11,675,000"
Honda,Diyo,2016,,,110,40852,"Rs. 497,000"
Bajaj,Discover 100M,2015,,,100,31400,"Rs. 340,000"
Toyota,CHR,2018,Automatic,Petrol,1190,66065,Negotiable
Toyota,Avanza,2011,Automatic,Petrol,1500,116000,"Rs. 7,190,000"
Volkswagen,T-Cross R-Line,2020,Automatic,Petrol,1000,60500,"Rs. 14,850,000"
Mitsubishi,Xpander,2019,Automatic,Petrol,1500,124000,"Rs. 14,900,000"
TVS,Scoty Plus,2018,,,90,38000,Negotiable
Bajaj,CT-100,2013,,,100,55000,"Rs. 335,000"
Suzuki,GN 125,2008,,,125,0,"Rs. 390,000"
Isuzu,Elf,1999,Manual,Diesel,-,0,"Rs. 500,000"
MG,ZS ESSENCE FULLY LOADED,2019,Automatic,Petrol,1000,96000,Negotiable
Mitsubishi,4DR5 J32,0,Manual,Diesel,-,0,"Rs. 2,375,000"
Bajaj,Pulsar NS 200,2018,,,200,5939,"Rs. 830,000"
Bajaj,Discover 150,2011,,,150,1234,"Rs. 135,000(Ongoing Lease)"
Atco,Sr,2020,,,125,36000,"Rs. 320,000"
Honda,Pcx,2014,,,125,73750,"Rs. 845,000"
Mitsubishi,Canter,1989,Manual,Diesel,2600,1850002,"Rs. 2,250,000"
Bajaj,4 Stroke,2014,Manual,Petrol,205,-,"Rs. 1,330,000"
Bajaj,Discover,2011,,,125,-,"Rs. 275,000"
Bajaj,NS 160,2018,,,160,22571,"Rs. 610,000"
Zotye,Z100,2020,Manual,Petrol,1000,70000,"Rs. 3,295,000"
Toyota,Aqua S Grade,2013,Automatic,Petrol,1500,-,Negotiable(Ongoing Lease)
Bajaj,CT-100,2005,,,100,65434,"Rs. 210,000"
Bajaj,2 stroke,1997,Manual,Petrol,175,-,"Rs. 275,000"
Ranomoto,PATTAYA,2016,,,125,15238,"Rs. 128,000"
Ford,Escort Convertable,1993,Manual,Petrol,1500,45000,Negotiable
Bajaj,Boxer,2008,,,100,100,"Rs. 173,000"
Hero,Maestro Edge,2018,,,110,41400,"Rs. 350,000"
Bajaj,Discover 125,2007,,,125,50000,"Rs. 210,000"
Toyota,ROOMY,2023,Automatic,Petrol,1000,42000,Negotiable
Singer,Safari 4s,2016,,,48,1112,"Rs. 120,000"
Bajaj,4 Stroke,2013,Manual,Petrol,205,-,"Rs. 1,285,000"
Bajaj,Discover 100,2015,,,100,10000,"Rs. 190,000"
Toyota,YARIS G GRADE,2022,Automatic,Petrol,1000,25000,"Rs. 11,000,000"
Tata,Dimo Lokka,2016,Manual,Diesel,-,-,"Rs. 2,990,000"
Honda,Fit Shuttle GP7,2018,Automatic,Petrol,1500,118350,"Rs. 13,250,000"
Toyota,AXIO,2015,Automatic,Hybrid,1500,154000,"Rs. 11,500,000"
Mitsubishi,Lancer CK8A,1997,Automatic,Diesel,2000,200,"Rs. 3,450,000"
Honda,Civic,2018,Automatic,Petrol,1000,51000,"Rs. 14,000,000"
Suzuki,Wagon R,2006,Manual,Petrol,1061,66400,Negotiable
Suzuki,Spacia Xs Turbo,2018,Automatic,Hybrid,660,26201,Negotiable
Nissan,B310,1978,Manual,Petrol,1400,86000,"Rs. 790,000"
Toyota,Allion,2005,Automatic,Petrol,1490,1820000,Negotiable
Suzuki,ZEN,2007,Manual,Petrol,1000,-,Negotiable
Nissan,Nissan,2003,Automatic,Petrol,-,263500,"Rs. 2,650,000"
Ford,Mondeo,2003,Manual,Petrol,1800,-,"Rs. 1,860,000"
Toyota,Ke 74,1985,Manual,Petrol,1500,-,"Rs. 1,185,000"
Suzuki,Alto,2023,Automatic,Petrol,660,5900,Negotiable
Nissan,FB15,2001,Automatic,Petrol,1500,136000,"Rs. 4,475,000"
Honda,Grace Ex,2015,Automatic,Hybrid,1500,110000,"Rs. 9,600,000"
Toyota,Avanza,2010,Manual,Petrol,1300,-,"Rs. 6,295,000"
Toyota,Aqua S Limited,2015,Automatic,Hybrid,1500,92000,"Rs. 7,775,000"
Nissan,March,2003,Automatic,Petrol,1240,-,"Rs. 4,350,000"
Suzuki,Maruti,2002,Manual,Petrol,800,65000,"Rs. 1,495,000"
Toyota,Premio G Superior,2018,Automatic,Petrol,1500,95000,"Rs. 16,250,000"
Toyota,Carina AT150 SG Extra,1986,Manual,Petrol,1500,200000,"Rs. 1,750,000"
Honda,N WGN CUSTOM,2016,Automatic,Petrol,660,45000,Negotiable
Toyota,Vitz Safety Edition 02,2018,Automatic,Petrol,1000,82000,"Rs. 8,775,000"
Suzuki,Alto,2017,Automatic,Petrol,660,102000,Negotiable
Nissan,N16,2000,Automatic,Petrol,1500,250000,"Rs. 3,675,000"
Micro,Panda,2011,Manual,Petrol,1300,129000,"Rs. 2,435,000"
Toyota,Yaris X Grade,2023,Automatic,Petrol,1000,20600,Negotiable
Toyota,CE110,1996,Automatic,Diesel,1970,280000,"Rs. 2,750,000"
Suzuki,Wagon R Custom Z,2024,Automatic,Hybrid,650,2450,"Rs. 9,600,000"
Toyota,Corolla 141,2011,Manual,Petrol,1598,131000,"Rs. 8,200,000"
Toyota,Allion 260,2010,Automatic,Petrol,1500,104555,"Rs. 10,825,000(Ongoing Lease)"
Mazda,3,2012,Automatic,Petrol,1500,0,"Rs. 1,975,000(Ongoing Lease)"
Nissan,Trad Sunny,1988,Manual,Petrol,1500,116375,"Rs. 1,135,000"
Suzuki,Cultus,1987,Manual,Petrol,1300,1000000,"Rs. 1,250,000"
Suzuki,Alto,2024,Automatic,Petrol,650,2200,"Rs. 7,350,000"
Toyota,AE110 Se Saloon L Grade,1999,Manual,Petrol,1500,197863,Negotiable
Mazda,Hatchback,1994,Manual,Petrol,1400,107000,"Rs. 900,000"
Suzuki,WAGON R,2015,Automatic,Hybrid,660,1400000,"Rs. 6,350,000"
Toyota,Vitz Edition 3,2019,Automatic,Petrol,1000,62000,"Rs. 9,450,000"
Toyota,Corolla 121 LX Limited,2006,Automatic,Petrol,1500,150000,"Rs. 7,150,000"
Toyota,Sprinter EE 111,2001,Automatic,Petrol,1300,0,Negotiable
Toyota,Passo,2004,Automatic,Petrol,990,212000,"Rs. 4,300,000"
Toyota,AE80,1985,Manual,Petrol,1300,200000,"Rs. 1,175,000"
Suzuki,Wagon R FX,2023,Automatic,Petrol,660,7000,"Rs. 7,550,000"
Daihatsu,Mira ES L,2023,Automatic,Petrol,660,Import,Negotiable
Mercedes-Benz,E200 Turbo AMG,2016,Automatic,Petrol,2000,86600,Negotiable
Mitsubishi,Lancer,1986,Manual,Petrol,1400,100000,"Rs. 625,000"
Toyota,Vitz,2017,Automatic,Petrol,1000,86000,"Rs. 8,675,000"
Nissan,Trad Sunny B12,1988,Manual,Petrol,1300,123456,"Rs. 1,300,000(Ongoing Lease)"
Toyota,Aqua,2013,Automatic,Hybrid,1490,137000,"Rs. 7,590,000"
Nissan,Bluebird QU14 Super Saloon,2001,Automatic,Petrol,1997,244000,"Rs. 3,495,000"
Toyota,Dx Wagon Ke72,1986,Manual,Petrol,1300,373527,"Rs. 1,150,000"
Toyota,Prius S Led Limited,2015,Automatic,Hybrid,1800,163000,"Rs. 12,190,000"
Mitsubishi,Lancer Cs1 Glx,2008,Automatic,Petrol,1330,157428,Negotiable
Suzuki,Spacia Custom,2016,Automatic,Hybrid,660,134000,"Rs. 6,450,000"
Suzuki,Alto Japan,2017,Automatic,Petrol,600,87000,"Rs. 5,600,000"
Toyota,Corolla CE 108,1999,Automatic,Diesel,2,235000,"Rs. 2,700,000"
Mitsubishi,Mirage,2001,Automatic,Petrol,1290,-,"Rs. 3,400,000"
Toyota,Premio 240,2002,Automatic,Petrol,1790,250000,"Rs. 6,700,000"
Toyota,Axio,2016,Automatic,Hybrid,1450,162000,Negotiable
Toyota,Passo,2017,Automatic,Petrol,1000,93000,"Rs. 2,150,000(Ongoing Lease)"
Toyota,Premio G Superior,2018,Automatic,Petrol,1500,70000,"Rs. 17,600,000"
Nissan,Pulsar,1998,Automatic,Petrol,1500,1234,Negotiable(Ongoing Lease)
Nissan,Trad Sunny HB12 Super Saloon,1989,Manual,Petrol,1500,-,"Rs. 1,599,000"
Honda,FIT GP1,2012,Automatic,Petrol,1330,170000,"Rs. 6,800,000"
Toyota,Belta,2011,Automatic,Petrol,1300,120000,"Rs. 7,890,000"
Peugeot,406,2000,Manual,Petrol,1761,-,Negotiable
Toyota,Starlet,1997,Automatic,Diesel,1400,123456,"Rs. 3,750,000"
Mercedes-Benz,C200 AMG Premium,2019,Automatic,Petrol,1500,45000,"Rs. 29,000,000"
Subaru,Subaru,1989,Manual,Petrol,1400,111111,"Rs. 695,000"
Mitsubishi,Lancer Box,1982,Manual,Petrol,1400,-,"Rs. 825,000"
Mitsubishi,Lancer Box,1984,Manual,Petrol,1400,1111,"Rs. 920,000"
Toyota,Vitz,2008,Automatic,Petrol,1000,156000,"Rs. 5,775,000"
Suzuki,Alto 800 LXI,2016,Manual,Petrol,800,84255,Negotiable
Micro,Panda,2015,Manual,Petrol,1000,63000,"Rs. 2,965,000"
BMW,Mini Cooper,2017,Automatic,Petrol,1500,49000,"Rs. 16,000,000"
Perodua,Viva Elite,2011,Automatic,Petrol,1000,82300,"Rs. 4,550,000"
Toyota,Corolla DX Elephant Back Wagon 106,1993,Manual,Petrol,1300,140000,"Rs. 2,275,000"
Nissan,FB15 Super Saloon,2000,Automatic,Petrol,1500,-,"Rs. 4,175,000"
Toyota,Belta,2011,Automatic,Petrol,1300,172000,"Rs. 7,600,000"
Suzuki,Alto Japan,2007,Automatic,Petrol,650,103000,"Rs. 4,250,000(Ongoing Lease)"
Toyota,Corolla 110 SE Saloon,1999,Automatic,Diesel,2000,280000,"Rs. 3,275,000"
Suzuki,Alto,2006,Manual,Petrol,800,119000,Negotiable
Toyota,Vitz Safety Edition,2016,Automatic,Petrol,996,65452,"Rs. 7,850,000"
Toyota,PRIUS,2013,Automatic,Hybrid,1800,189000,"Rs. 10,290,000"
Mercedes-Benz,E240W211,2003,Automatic,Petrol,2500,128,"Rs. 7,475,000"
Toyota,Allion 260 G,2007,Automatic,Petrol,1500,180000,"Rs. 9,400,000"
Toyota,Axio,2008,Automatic,Petrol,-,271000,"Rs. 7,950,000"
Suzuki,Alto,2006,Manual,Petrol,800,119000,Negotiable(Ongoing Lease)
Toyota,VITZ,2010,Automatic,Petrol,1496,112200,"Rs. 6,550,000"
Toyota,Vitz KSP90,2008,Automatic,Petrol,1000,185000,"Rs. 5,690,000"
Mitsubishi,Econo,1985,Manual,Petrol,100,64869,"Rs. 575,000"
Nissan,March AK12,2007,Automatic,Petrol,1300,121000,"Rs. 3,990,000"
Nissan,Cefiro Excimo A33,2006,Automatic,Petrol,1990,110000,"Rs. 3,900,000"
Audi,A3 Sportback,2017,Automatic,Petrol,1000,60000,"Rs. 14,000,000"
Mazda,Familia 323 BF3P,1989,Manual,Petrol,1300,256948,"Rs. 1,450,000"
Morris,Miner,1955,Manual,Petrol,1000,78888,"Rs. 675,000"
Mitsubishi,Lancer Wagon,1979,Manual,Petrol,1400,12345,"Rs. 620,000"
Suzuki,Alto,2015,Manual,Petrol,800,84000,"Rs. 3,375,000"
Volkswagen,Polo Active,2023,Automatic,Petrol,1000,-,"Rs. 13,500,000"
Daihatsu,Taft G Chrome Venture,2024,Automatic,Petrol,660,8,"Rs. 9,300,000"
BMW,530e M SPORT,2017,Automatic,Petrol,2000,65000,"Rs. 34,500,000"
Suzuki,Maruti 800,2005,Manual,Petrol,800,131000,"Rs. 1,800,000"
Perodua,Viva Elite,2011,Automatic,Petrol,1000,140000,"Rs. 4,350,000"
Suzuki,Wagon R Custom Z ZX,2023,Automatic,Hybrid,660,550,"Rs. 9,300,000"
Toyota,Sprinter EE 111,1997,Automatic,Petrol,1300,-,Negotiable
Mitsubishi,Collet,1982,Manual,Petrol,1400,100000,"Rs. 490,000"
Hyundai,Accent,2001,Manual,Petrol,1300,150000,"Rs. 2,650,000"
Perodua,Kelisa,2005,Manual,Petrol,1000,180000,"Rs. 3,200,000"
Suzuki,Spacia G Grade Safety,2024,Automatic,Hybrid,660,7400,"Rs. 8,675,000"
Micro,Mx7,2015,Manual,Petrol,1500,77000,"Rs. 3,790,000"
Suzuki,Wagon R,2016,Automatic,Hybrid,650,48000,"Rs. 5,750,000"
Honda,Grace EX,2014,Automatic,Hybrid,1480,139000,"Rs. 9,700,000"
Suzuki,Wagon R Stingray,2018,Automatic,Hybrid,660,85000,"Rs. 7,265,000"
Nissan,Hb11,1984,Manual,Petrol,1300,258000,"Rs. 985,000"
Daihatsu,Mira ES L Grade Safety,2023,Automatic,Petrol,660,800,"Rs. 6,950,000"
Toyota,Soluna,2001,Automatic,Petrol,1500,171000,"Rs. 3,175,000"
Mazda,Familia,2003,Automatic,Petrol,1500,-,Negotiable
Nissan,Bluebird SU14,1999,Automatic,Diesel,2000,-,Negotiable
Hyundai,Accent,2001,Manual,Petrol,1300,115000,"Rs. 2,350,000"
Suzuki,Wagon R Stingray,2019,Automatic,Petrol,650,51000,"Rs. 7,980,000"
Suzuki,Atv Super Ismol,2015,Automatic,Petrol,48,47,Negotiable
Toyota,Yaris,2008,Automatic,Petrol,1300,170000,Negotiable
BMW,520D,2013,Automatic,Diesel,1990,105000,"Rs. 20,700,000"
Suzuki,Celerio,2015,Automatic,Petrol,996,20674,Negotiable
Nissan,FB14 Ex Saloon Red Light,1997,Automatic,Petrol,1500,165000,"Rs. 3,175,000"
Mitsubishi,Lancer Fiore,1986,Manual,Petrol,1500,178000,"Rs. 1,250,000"
Nissan,DAYZ,2015,Automatic,Petrol,650,84500,Negotiable
Suzuki,Maruti 800,2012,Manual,Petrol,800,99000,"Rs. 2,375,000"
Nissan,B11,1985,Manual,Petrol,1300,123,"Rs. 1,025,000"
Nissan,March K12,2010,Automatic,Petrol,1300,162000,Negotiable
Tata,Indica V2,2008,Manual,Petrol,650,152400,"Rs. 1,525,000"
Suzuki,Maruti,2012,Manual,Petrol,800,88000,"Rs. 2,240,000"
Honda,CIVIC SEDAN TECH PACK,2019,Automatic,Petrol,1000,54000,Negotiable
Nissan,Sunny FB14,1998,Automatic,Petrol,1500,150000,"Rs. 3,075,000"
Suzuki,Alto Japan,2003,Manual,Petrol,660,200000,"Rs. 3,050,000"
Toyota,Yaris,2012,Automatic,Petrol,1300,120000,Negotiable
Toyota,COROLLA EE90,1988,Manual,Petrol,1300,0,"Rs. 1,875,000"
Suzuki,Baleno,2016,Automatic,Petrol,990,146000,"Rs. 7,980,000"
Toyota,121 G Grade,2003,Automatic,Petrol,1500,183000,"Rs. 6,650,000"
Toyota,Premio G Superior,2017,Automatic,Petrol,1500,96333,"Rs. 16,750,000"
BMW,520 D,2015,Automatic,Diesel,1290,70000,Negotiable
Toyota,Toyota,2000,Manual,Petrol,1500,237000,"Rs. 3,150,000"
Suzuki,Baleno,2018,Automatic,Petrol,1000,85000,"Rs. 8,650,000"
Suzuki,Swift,2004,Automatic,Petrol,1300,158905,"Rs. 4,425,000"
Honda,Fd3,2008,Automatic,Hybrid,1330,152000,"Rs. 6,800,000"
Mazda,Bj5pw,2002,Automatic,Petrol,1500,320000,"Rs. 4,475,000"
Toyota,Toyota,1996,Automatic,Diesel,-,-,"Rs. 2,975,000"
Nissan,FB14 Ex Saloon,1995,Automatic,Petrol,1300,195000,"Rs. 2,890,000"
Mitsubishi,EK X PREMIUM,2023,Automatic,Hybrid,660,3500,"Rs. 8,975,000"
Mazda,Demio,2007,Automatic,Petrol,1300,166000,"Rs. 5,090,000(Ongoing Lease)"
Chery,QQ,2007,Manual,Petrol,800,85462,"Rs. 1,450,000"
Honda,Crz Mugen,2011,Automatic,Hybrid,1500,139000,"Rs. 7,350,000"
Suzuki,Alto,2011,Manual,Petrol,800,120000,"Rs. 2,975,000"
Suzuki,Alto,2015,Manual,Petrol,800,62200,"Rs. 3,910,000"
Suzuki,Maruti,2005,Manual,Petrol,800,75900,Negotiable
Suzuki,Alto K10 Vxi,2016,Manual,Petrol,1000,155000,"Rs. 4,100,000"
Mazda,Luce,1969,Manual,Petrol,1500,75000,"Rs. 480,000"
Nissan,March K11,2001,Automatic,Petrol,1000,183000,"Rs. 2,650,000"
Suzuki,Alto,2016,Manual,Petrol,800,100000,"Rs. 3,725,000"
Suzuki,Aerio,2007,Automatic,Petrol,1500,1119000,"Rs. 4,390,000"
Toyota,Aqua S Grade,2013,Automatic,Hybrid,1500,125000,"Rs. 7,590,000"
Toyota,Corolla 121,2000,Automatic,Petrol,1490,192918,"Rs. 5,990,000"
Honda,NBox Custom,2025,Automatic,Petrol,660,0,"Rs. 11,500,000"
Suzuki,Spacia,2016,Automatic,Petrol,660,142000,"Rs. 6,250,000(Ongoing Lease)"
Peugeot,203,1956,Manual,Petrol,1300,25000,"Rs. 3,650,000"
Toyota,Elephant Back EE104,2020,Automatic,Petrol,1500,3212,"Rs. 3,495,000"
Peugeot,306,1996,Manual,Petrol,1360,146086,"Rs. 1,450,000"
Honda,Fit Shuttle Gp2,2012,Automatic,Hybrid,1330,136000,Negotiable
Toyota,Carina TI 212,2008,Automatic,Petrol,1500,195000,Negotiable
Suzuki,Alto,2016,Manual,Petrol,800,76000,"Rs. 3,750,000"
Toyota,Allion,2017,Automatic,Petrol,1500,108000,"Rs. 15,500,000"
Mitsubishi,Lancer Box,1983,Manual,Petrol,1400,80924,"Rs. 1,950,000"
Toyota,Sprinter Vintage,1997,Manual,Diesel,2,220000,"Rs. 3,450,000"
Toyota,Premio,2019,Automatic,Petrol,1500,79000,Negotiable
Daihatsu,Mira Safety,2023,Automatic,Petrol,660,16000,"Rs. 7,090,000"
Daihatsu,Mira,2017,Automatic,Petrol,650,56131,"Rs. 6,375,000"
Toyota,AQUA,2015,Automatic,Hybrid,1500,136000,"Rs. 8,975,000"
Suzuki,Wagon R Fx,2018,Automatic,Hybrid,650,48000,"Rs. 6,390,000"
Audi,A4 Premium,2017,Automatic,Petrol,1400,19000,Negotiable
Toyota,VITZ KSP130,2017,Automatic,Petrol,1000,65000,"Rs. 8,450,000"
Mini,Cooper,0,Manual,Petrol,1300,80000,Negotiable
BMW,520D,2012,Automatic,Diesel,2000,70000,"Rs. 23,000,000"
Toyota,Premio,2010,Automatic,Petrol,1490,260000,"Rs. 10,500,000"
Kia,Rio RS,2005,Manual,Petrol,1598,112000,"Rs. 2,195,000"
Suzuki,Wagon R Stingray,2015,Automatic,Hybrid,650,110000,"Rs. 6,125,000"
Suzuki,Swift,2002,Automatic,Petrol,1300,184000,"Rs. 4,090,000"
Suzuki,Swift,2009,Automatic,Petrol,1300,125400,"Rs. 6,025,000"
Suzuki,Swift,2003,Automatic,Petrol,1300,175000,"Rs. 4,200,000"
Suzuki,Spacia,2017,Automatic,Hybrid,650,89121,"Rs. 7,390,000"
Suzuki,Maruti,2000,Manual,Petrol,800,128000,"Rs. 1,600,000"
Toyota,Vitz,2017,Automatic,Petrol,1000,83000,"Rs. 8,450,000"
Toyota,Vitz,2016,Automatic,Petrol,1000,120000,Negotiable
Honda,Fit GP1,2012,Automatic,Petrol,1300,160000,"Rs. 6,500,000"
Nissan,AD Wagon,1999,Manual,Petrol,1490,-,Negotiable
Volkswagen,PASSAT TSI 1.4L,2008,Automatic,Petrol,1400,76000,"Rs. 7,890,000"
Suzuki,Maruti,1995,Manual,Petrol,800,98000,Negotiable
Suzuki,Alto Japan,2004,Automatic,Petrol,650,132000,Negotiable
Hyundai,Matrix,2000,Automatic,Petrol,1499,220000,"Rs. 2,250,000"
Suzuki,Wagon R Stingray,2018,Automatic,Hybrid,650,58100,"Rs. 7,575,000"
Mitsubishi,Lancer Cs1 Glx,2008,Automatic,Petrol,1300,154836,"Rs. 6,590,000"
Toyota,Premio 260,2014,Automatic,Petrol,1500,147000,"Rs. 13,550,000"
Daihatsu,Mira,2023,Automatic,Petrol,660,2300,"Rs. 6,950,000"
Suzuki,Swift RS Turbo,2017,Automatic,Petrol,1000,90000,"Rs. 9,350,000"
Suzuki,Wagon R FX Safety,2024,Automatic,Petrol,660,3769,"Rs. 8,190,000"
Suzuki,Wagon R FZ Safety,2018,Automatic,Hybrid,-,94000,"Rs. 7,100,000"
Toyota,Vitz KSP130,2018,Automatic,Petrol,1000,90,Negotiable
Toyota,ROOMY GT CUSTOM TURBO,2023,Automatic,Petrol,1000,35000,"Rs. 12,390,000"
Toyota,Vista,1995,Manual,Petrol,1830,3,"Rs. 3,050,000"
Suzuki,Wagon R Fx,2017,Automatic,Hybrid,650,108612,"Rs. 6,495,000"
Hyundai,Accent,2003,Manual,Petrol,1400,14000,"Rs. 23,500,000"
Toyota,Vitz KSP130,2015,Automatic,Petrol,1000,104250,"Rs. 7,295,000"
Suzuki,Alto,2014,Manual,Petrol,800,11111,"Rs. 3,195,000"
Toyota,AQUA X URBAN,2015,Automatic,Hybrid,1500,113000,"Rs. 8,890,000"
Nissan,Highway Star LAFESTA G,2013,Automatic,Petrol,2000,125000,"Rs. 9,490,000"
Mitsubishi,Lancer Box,1980,Manual,Petrol,1400,35000,"Rs. 900,000"
Toyota,Premio 260,2012,Automatic,Petrol,1500,128000,"Rs. 11,350,000"
Suzuki,Maruti,2005,Manual,Petrol,800,0,"Rs. 1,725,000"
Suzuki,Wagon R Stingray,2014,Automatic,Hybrid,650,76183,"Rs. 6,190,000"
Mitsubishi,C12,1985,Manual,Petrol,1490,350000,"Rs. 650,000"
Mercedes-Benz,E300 Bluetec,2014,Automatic,Hybrid,2143,55743,"Rs. 18,800,000"
Suzuki,Maruti EFI,2006,Manual,Petrol,800,69000,Negotiable
Honda,Fit Aria GD8 Japan,2008,Automatic,Petrol,1500,139000,"Rs. 5,395,000"
Toyota,Vitz,2018,Automatic,Petrol,990,33500,"Rs. 9,200,000"
Honda,Fit Gp1 Ge6,2009,Automatic,Petrol,1330,155200,"Rs. 6,375,000"
Toyota,Axio X Grade,2008,Automatic,Petrol,1500,190000,"Rs. 7,650,000"
Toyota,Camry,2008,Automatic,Petrol,2400,210000,Negotiable
Micro,Panda Cross,2014,Manual,Petrol,1300,64000,"Rs. 3,250,000"
Toyota,EE102,1996,Manual,Petrol,1300,0,"Rs. 25,750,000"
Mercedes-Benz,C200 AMG Premium,2019,Automatic,Petrol,1500,44500,"Rs. 27,500,000"
Toyota,AE90,1991,Manual,Petrol,-,0,"Rs. 1,875,000"
Toyota,Prius,2012,Automatic,Petrol,1800,145,Negotiable
Suzuki,Alto,2016,Manual,Petrol,800,87000,"Rs. 3,830,000"
Chevrolet,Cruze Gm Limited Edition,2005,Automatic,Petrol,1330,142000,"Rs. 4,395,000"
Isuzu,Gemini Jt600,1990,Manual,Diesel,-,0,"Rs. 800,000"
Chevrolet,Cruze GM,2004,Automatic,Petrol,1300,151000,"Rs. 4,390,000"
Mazda,RX-8 SE3P Highest Spec,2006,Automatic,Petrol,1300,0,"Rs. 6,500,000"
Nissan,FB15,2001,Manual,Diesel,-,0,"Rs. 3,850,000"
Tata,Indigo,2015,Manual,Petrol,1200,82000,"Rs. 3,050,000"
Hyundai,Accent,2000,Automatic,Petrol,1500,180000,"Rs. 2,690,000"
Suzuki,Alto,2015,Manual,Petrol,800,142000,"Rs. 3,775,000"
Toyota,Starlet,2000,Manual,Diesel,1450,191000,"Rs. 2,950,000"
Toyota,Axio X Grade,2014,Automatic,Hybrid,1500,108000,"Rs. 9,590,000"
Toyota,Premio,2014,Automatic,Petrol,-,-,"Rs. 13,400,000"
Suzuki,Alto,2015,Manual,Petrol,800,89000,"Rs. 3,690,000"
Fiat,Linea,2011,Manual,Petrol,1300,115000,"Rs. 3,290,000"
Mitsubishi,Lancer I Light,1973,Manual,Petrol,1400,-,Negotiable
Suzuki,Alto,2017,Manual,Petrol,800,90141,"Rs. 4,095,000"
Mitsubishi,Galant,2003,Manual,Petrol,1900,214000,"Rs. 3,990,000"
Toyota,Soluna GLI,2003,Automatic,Petrol,1300,189000,"Rs. 3,550,000"
Nissan,AD Wagon,1986,Manual,Petrol,1300,-,"Rs. 575,000"
Suzuki,Wagon R Stingray,2025,Automatic,Hybrid,650,-,"Rs. 11,650,000"
Toyota,Vitz,2015,Automatic,Petrol,1000,54985,"Rs. 7,650,000"
Honda,CIVIC EX,2018,Automatic,Petrol,1000,66000,"Rs. 13,800,000"
Toyota,Aqua S Grade,2013,Automatic,Hybrid,1500,136000,"Rs. 7,600,000"
Toyota,Premio 240,2003,Automatic,Petrol,1500,196000,"Rs. 6,990,000"
Nissan,HB11,1985,Manual,Petrol,1500,231133,"Rs. 1,350,000"
Honda,INSIGHT ZE2,2010,Automatic,Petrol,1330,189000,"Rs. 7,390,000"
Suzuki,Spacia Custom XS,2025,Automatic,Hybrid,658,-,"Rs. 11,900,000"
Nissan,March AK12,2007,Automatic,Petrol,1300,106000,"Rs. 4,625,000"
Toyota,Prius,2011,Automatic,Petrol,1800,189,Negotiable
Suzuki,Alto,2015,Manual,Petrol,800,100000,Negotiable
Toyota,Yaris,2011,Manual,Petrol,1300,124000,"Rs. 6,590,000"
Toyota,Prius S,2011,Automatic,Hybrid,1800,115900,"Rs. 9,975,000"
Toyota,DX Wagon Ke 74,1986,Manual,Petrol,1500,225000,Negotiable
Toyota,Vitz,2017,Automatic,Petrol,1000,76000,"Rs. 8,625,000"
Suzuki,Maruti,2009,Manual,Petrol,-,75000,"Rs. 2,095,000"
Mitsubishi,Lancer Box,1980,Manual,Petrol,1410,55,"Rs. 1,050,000"
Volkswagen,Jetta,1987,Manual,Petrol,1300,475000,"Rs. 790,000"
Suzuki,ALTO,2013,Manual,Petrol,800,140000,"Rs. 3,250,000"
Honda,Civic Ek3,1998,Manual,Diesel,1500,400000,"Rs. 3,600,000"
Mini,Cooper,1960,Manual,Petrol,1300,1,Rs. 1
Toyota,Corolla 121,2005,Automatic,Petrol,1500,172000,"Rs. 6,475,000"
Nissan,Bluebird,2008,Automatic,Petrol,1490,236000,"Rs. 7,175,000"
Honda,Honda,1990,Manual,Petrol,1500,130000,"Rs. 1,535,000"
Nissan,SB14,1999,Automatic,Diesel,20000,245125,"Rs. 2,750,000"
Toyota,Corona Premio,1999,Automatic,Petrol,1580,218383,"Rs. 4,750,000"
Toyota,Premio,2018,Automatic,Petrol,1490,84000,"Rs. 16,950,000"
Toyota,Premio,2013,Automatic,Petrol,1500,195000,"Rs. 12,600,000"
Toyota,Vitz Edition 2,2018,Automatic,Petrol,1000,54000,Negotiable
Toyota,Corona AT 150,1988,Manual,Petrol,1500,164752,Negotiable
Daihatsu,Mira,2023,Automatic,Petrol,650,0,Negotiable
Nissan,March,2007,Automatic,Petrol,1000,179000,"Rs. 3,390,000"
Hyundai,Accsent,2002,Automatic,Petrol,1500,202000,Negotiable
Datsun,Sunny,1975,Manual,Petrol,1171,0,"Rs. 695,000"
Toyota,Corona,1987,Manual,Diesel,1500,50000,"Rs. 800,000"
Suzuki,Wagon R Stingray,2018,Automatic,Hybrid,660,80000,"Rs. 7,275,000"
Perodua,Axia G,2015,Automatic,Petrol,1000,75000,"Rs. 5,950,000"
Suzuki,Swift Center Anternna,2003,Automatic,Petrol,1300,148000,"Rs. 4,240,000"
Suzuki,A-Star,2011,Manual,Petrol,1000,117000,"Rs. 3,650,000"
Honda,GRACE EX,2016,Automatic,Hybrid,1500,173600,"Rs. 10,695,000"
Toyota,Corolla Elephant Back GL,1997,Automatic,Petrol,1500,175100,"Rs. 3,300,000"
Toyota,Corolla,1985,Manual,Petrol,1300,11111,"Rs. 925,000"
Toyota,Axio,2016,Automatic,Hybrid,1500,66000,"Rs. 12,000,000"
Honda,FIT GP5 S GRADE,2015,Automatic,Hybrid,1500,131000,"Rs. 8,495,000"
Toyota,AQUA X Urban,2015,Automatic,Hybrid,1500,80000,"Rs. 9,395,000"
Toyota,Axio Wxb,2017,Automatic,Petrol,-,94859,"Rs. 12,980,000"
Nissan,B15,2001,Automatic,Petrol,1300,217500,"Rs. 3,675,000"
Chevrolet,AVEO UVA,2007,Manual,Petrol,-,150000,"Rs. 2,600,000"
Toyota,Axio,2013,Automatic,Petrol,1500,183000,Negotiable
Suzuki,Alto LXI,2015,Manual,Petrol,800,91000,"Rs. 3,770,000"
Suzuki,EE 90,1991,Manual,Petrol,1270,77777,"Rs. 1,500,000"
Nissan,AD Wagon,1981,Manual,Petrol,1300,190000,Negotiable
Toyota,PRIUS G LIMITED,2012,Automatic,Hybrid,1800,139800,"Rs. 10,620,000"
Toyota,COROLLA AE110,1997,Automatic,Petrol,1500,183633,"Rs. 4,395,000"
BMW,520d,2013,Automatic,Diesel,1995,112000,"Rs. 24,250,000"
Nissan,FB14,1995,Manual,Petrol,1500,12345,"Rs. 2,250,000"
Toyota,Dx Wagon,1985,Manual,Petrol,1300,-,"Rs. 1,050,000"
Toyota,Vitz,2016,Automatic,Petrol,1000,63000,Negotiable
Suzuki,Wagon R Stingray,2017,Automatic,Petrol,650,84270,"Rs. 6,650,000"
Toyota,Prius S,2011,Automatic,Hybrid,1790,157000,"Rs. 9,675,000"
Nissan,FB15 EX Saloon,2001,Automatic,Petrol,1500,148000,"Rs. 4,350,000"
Toyota,Aqua G,2013,Automatic,Hybrid,1500,132500,"Rs. 8,450,000"
Hyundai,STELLAR GSL,1989,Manual,Petrol,1500,152996,"Rs. 895,000"
Mitsubishi,Lancer Box,1984,Manual,Petrol,1400,12345,"Rs. 950,000"
Toyota,Corona AT 140,1989,Manual,Diesel,1500,125000,Negotiable
Toyota,Axio G,2014,Automatic,Hybrid,1500,154000,"Rs. 9,350,000"
Hyundai,Sonata H Matic,2002,Automatic,Petrol,2000,223000,"Rs. 2,850,000"
Suzuki,Wagon R Stingray,2018,Automatic,Hybrid,650,82000,"Rs. 7,450,000"
Toyota,Allion 240,2006,Automatic,Petrol,1500,180000,"Rs. 7,500,000"
Suzuki,ALTO,2017,Manual,Petrol,800,80000,"Rs. 4,350,000"
Suzuki,Alto Japan,2004,Automatic,Petrol,600,96000,Negotiable
Nissan,PULSAR,1998,Automatic,Diesel,2000,165000,"Rs. 2,895,000"
Perodua,Kelisa,2005,Automatic,Petrol,1000,167000,"Rs. 3,475,000"
Toyota,Yaris,2023,Automatic,Petrol,1000,10000,"Rs. 10,800,000"
Toyota,Vista,2000,Automatic,Petrol,1890,759000,"Rs. 3,750,000"
Suzuki,Alto Japan,2023,Automatic,Petrol,650,6000,"Rs. 7,150,000"
Honda,CIVIC TECH PACK SEDAN,2019,Automatic,Petrol,1000,117000,"Rs. 13,500,000"
Toyota,COROLLA,1997,Automatic,Diesel,2000,270000,"Rs. 2,675,000"
Toyota,DX Wagon,1986,Manual,Petrol,1500,-,"Rs. 1,050,000"
Nissan,Cedric,1999,Automatic,Petrol,1990,100000,"Rs. 2,000,000"
Nissan,B11 SUNNY,1985,Manual,Petrol,1500,111111,"Rs. 700,000"
Toyota,SAI AZK10,2010,Automatic,Hybrid,2360,46000,"Rs. 12,800,000"
Nissan,Skyline,1976,Automatic,Petrol,2000,80000,"Rs. 750,000"
Toyota,PRIUS 4TH GEN,2016,Automatic,Hybrid,1800,101700,Negotiable
Suzuki,Wagon R,2017,Automatic,Petrol,660,70000,"Rs. 6,650,000"
Toyota,Aqua G Grade,2013,Automatic,Hybrid,1500,160000,"Rs. 7,950,000"
Honda,Civic FD4,2008,Automatic,Petrol,1600,203000,"Rs. 7,250,000"
Toyota,Axio G Grade,2007,Automatic,Petrol,1500,176500,"Rs. 7,950,000"
Honda,Fit Aria GD8,2004,Automatic,Petrol,1500,163000,"Rs. 4,750,000"
Proton,Saloon,1990,Manual,Petrol,1500,13500,"Rs. 2,200,000"
Toyota,Yaris,2010,Automatic,Diesel,1500,64000,"Rs. 6,950,000"
Mercedes-Benz,Cla 180 AMG Line,2017,Automatic,Petrol,1600,33000,"Rs. 22,700,000"
Toyota,Corolla 110 Low Mileage,2003,Automatic,Petrol,1500,120000,Negotiable
Toyota,Vitz SCP 10,2003,Automatic,Petrol,1000,236000,"Rs. 4,650,000"
Suzuki,Alto,2010,Manual,Petrol,800,129000,"Rs. 2,875,000"
Toyota,ALLION 240,2003,Automatic,Petrol,1500,166560,"Rs. 7,395,000"
Daihatsu,MIRA,2007,Automatic,Petrol,650,131000,"Rs. 4,495,000"
Toyota,Vitz,2017,Automatic,Petrol,1000,76000,"Rs. 8,675,000"
Toyota,Allion,2012,Automatic,Petrol,1500,164000,"Rs. 9,900,000"
Suzuki,Alto,2015,Manual,Petrol,800,85000,"Rs. 3,750,000"
Toyota,Allion,2005,Automatic,Petrol,1500,180000,Negotiable
Toyota,AQUA URBAN,2015,Automatic,Hybrid,1500,128408,"Rs. 9,595,000"
Suzuki,Swift RS Turbo,2017,Automatic,Petrol,1000,89000,Negotiable
Toyota,Carina Ti My Road,1997,Automatic,Petrol,1500,130000,Negotiable
Perodua,Axia,2016,Automatic,Petrol,1000,48000,"Rs. 6,090,000"
Suzuki,Maruti,2004,Manual,Petrol,800,0,"Rs. 1,625,000"
Honda,Civic,2019,Automatic,Petrol,1000,62000,"Rs. 14,900,000"
Toyota,Vitz,2008,Automatic,Petrol,1000,94000,"Rs. 5,725,000"
Mercedes-Benz,E200 CDI,2010,Automatic,Petrol,1800,129000,"Rs. 15,600,000"
Suzuki,MARUTI 800,2011,Manual,Petrol,800,78908,"Rs. 2,225,000"
Honda,Civic FD4,2007,Automatic,Petrol,1600,230000,"Rs. 6,850,000"
Hyundai,Accent,2006,Manual,Petrol,1400,188,"Rs. 2,560,000"
Toyota,PREMIO 211,1999,Automatic,Petrol,1800,180000,"Rs. 4,750,000"
Nissan,BLUEBIRD,1999,Automatic,Petrol,1800,178000,"Rs. 2,995,000"
Daihatsu,Charmant,1985,Manual,Petrol,1290,0,"Rs. 1,750,000"
Suzuki,Alto,2015,Manual,Petrol,800,107000,"Rs. 3,725,000"
Suzuki,Baleno,2018,Automatic,Petrol,1000,140000,"Rs. 8,000,000"
Suzuki,WAGON R STINGRAY,2017,Automatic,Hybrid,660,63000,"Rs. 7,190,000"
Nissan,Sb 14,1997,Automatic,Diesel,2000,123,Negotiable
Toyota,Premio,2019,Automatic,Petrol,1500,39000,Negotiable
Nissan,FB 15,1999,Automatic,Petrol,1500,0,"Rs. 3,950,000"
Toyota,Axio G Grade,2015,Automatic,Hybrid,1500,159000,"Rs. 11,375,000"
Mercedes-Benz,S320 AMG W220,2004,Automatic,Petrol,3200,137000,"Rs. 6,950,000"
Toyota,Ce100,1995,Manual,Diesel,1999,0,"Rs. 2,380,000"
Honda,ACCORD,1998,Manual,Petrol,2000,245000,"Rs. 2,975,000"
Hyundai,Trajet,2003,Automatic,Petrol,2400,200000,"Rs. 3,950,000"
Toyota,VIOS,2008,Automatic,Petrol,1500,111111,"Rs. 6,585,000"
Toyota,Passo,2007,Automatic,Petrol,1000,134000,Negotiable
Suzuki,WAGON R Stingray,2017,Automatic,Hybrid,660,-,"Rs. 7,190,000"
Toyota,Premio,2017,Automatic,Petrol,1500,131000,"Rs. 16,500,000"
Suzuki,Wagon R,2024,Automatic,Hybrid,660,700,Negotiable
Toyota,ALLION 260,2013,Automatic,Petrol,1500,140000,"Rs. 12,050,000"
Toyota,KDH High Roof,2014,Automatic,Diesel,3000,144000,"Rs. 21,495,000"
Micro,Panda Cross,2014,Manual,Petrol,1300,78000,"Rs. 3,275,000"
Toyota,Corsa EL53,1997,Automatic,Petrol,1500,176800,"Rs. 3,275,000"
Toyota,Carina,2001,Manual,Petrol,1580,123456,Negotiable
Daihatsu,Cuore,1996,Manual,Petrol,850,133000,"Rs. 1,790,000"
Toyota,Axio,2017,Automatic,Petrol,1500,98000,"Rs. 13,500,000"
Perodua,Viva Elite,2012,Automatic,Petrol,1000,139000,"Rs. 4,600,000(Ongoing Lease)"
Suzuki,Wagon R,2023,Automatic,Hybrid,660,7800,Negotiable
Hyundai,Sonata,2012,Automatic,Petrol,2000,128000,"Rs. 8,475,000"
Toyota,Aqua,2012,Automatic,Hybrid,1500,144000,"Rs. 7,000,000"
Daihatsu,Mira,2023,Automatic,Petrol,1000,11250,Negotiable
Suzuki,Alto,2015,Manual,Petrol,800,88525,"Rs. 3,650,000"
Nissan,B 11,1983,Manual,Petrol,1500,288900,"Rs. 995,000"
Micro,Trend,2009,Automatic,Petrol,1075,67472,Negotiable
Toyota,Prius G Touring,2016,Automatic,Hybrid,1800,189000,Negotiable
Toyota,PREMIO,2017,Automatic,Petrol,1500,81000,"Rs. 16,375,000"
Toyota,Axio Hybrid G Grade,2015,Automatic,Hybrid,1500,108000,"Rs. 11,500,000"
Honda,Civic EK3,1998,Manual,Petrol,1500,220000,"Rs. 4,050,000"
Fiat,Linea,2012,Manual,Diesel,1300,68000,"Rs. 2,950,000"
Honda,N WGN Custom,2017,Automatic,Petrol,650,78000,"Rs. 6,885,000"
Nissan,FB14,1997,Manual,Petrol,1400,220000,"Rs. 2,825,000"
Daihatsu,Mira Safety ES,2018,Automatic,Petrol,650,78000,"Rs. 6,385,000"
Nissan,HB11,1985,Manual,Petrol,1500,12345,"Rs. 925,000"
Toyota,PremioAllion NZT 260,2016,Automatic,Petrol,1500,49000,"Rs. 15,700,000"
Renault,Clio JAPAN,2000,Manual,Petrol,1390,181830,Negotiable
Nissan,Dayz SEFTY,2019,Automatic,Petrol,650,85000,Negotiable
BMW,I8 Roadster Limited,2019,Automatic,Hybrid,1500,13000,"Rs. 44,500,000"
BYD,Seal,2025,Automatic,Electric,-,-,"Rs. 20,400,000"
Toyota,Carina,1988,Manual,Petrol,1500,258888,"Rs. 500,000"
Datsun,Redi-Go,2017,Manual,Petrol,799,108926,Negotiable
Morris,Minor,1954,Manual,Petrol,1000,95000,"Rs. 2,350,000"
Nissan,FB15,2001,Automatic,Petrol,1500,296700,"Rs. 41,500,000"
Chery,Qq,2006,Manual,Petrol,800,193,"Rs. 1,300,000"
Toyota,Aqua S Grade,2013,Automatic,Hybrid,1500,93525,"Rs. 7,875,000"
Chery,Qq,2007,Manual,Petrol,1000,123456,Negotiable
Mercedes-Benz,C200 Premium,2018,Automatic,Petrol,1500,26000000,"Rs. 43,500,000"
Chevrolet,Aveo,2008,Manual,Petrol,1198,204988,Negotiable
Toyota,Prius,2015,Automatic,Hybrid,1800,126000,Negotiable
Hyundai,Accent,2001,Automatic,Petrol,1500,139000,Negotiable
Subaru,Wrx STI 8,2009,Automatic,Petrol,2000,137000,"Rs. 11,500,000"
Suzuki,Wagon R Fx,2016,Automatic,Hybrid,-,0,"Rs. 5,990,000"
Toyota,Prius S Led,2012,Automatic,Hybrid,1800,169220,Negotiable
Suzuki,ALTO,2014,Manual,Petrol,800,-,Negotiable
Perodua,Viva Elite AMIEZR,2011,Automatic,Petrol,100,100250,"Rs. 4,480,000"
Suzuki,Celerio Zxi,2017,Automatic,Petrol,996,14000,"Rs. 5,400,000"
Suzuki,CELERIO,2017,Automatic,Petrol,1000,143000,"Rs. 4,890,000"
Morris,Mini Cooper,1960,Manual,Petrol,1000,24120,"Rs. 1,650,000"
Toyota,Vios Japan,2003,Automatic,Petrol,1500,-,"Rs. 5,450,000"
BMW,520d,2012,Automatic,Diesel,20000,70000,"Rs. 21,000,000"
Nissan,Ad Wagon,1997,Manual,Petrol,1300,180000,"Rs. 2,425,000"
Toyota,Prius,2011,Automatic,Petrol,-,-,Negotiable
Suzuki,Maruti Zen,1995,Manual,Petrol,1000,12345,"Rs. 1,475,000"
Hyundai,Accent,2012,Automatic,Petrol,1600,135000,"Rs. 6,975,000"
Suzuki,Alto,2015,Manual,Petrol,800,80000,"Rs. 3,850,000"
Toyota,PRIUS 4TH GEN,2016,Automatic,Hybrid,1800,78000,"Rs. 15,500,000"
Suzuki,Wagon R Fz,2017,Automatic,Petrol,660,98500,"Rs. 6,650,000"
Suzuki,Maruti,2010,Manual,Petrol,800,93000,"Rs. 2,195,000"
Mitsubishi,Lancer Tube Light,1979,Manual,Petrol,1300,-,"Rs. 315,000"
Honda,Fit GP1,2011,Automatic,Petrol,1330,127000,"Rs. 6,650,000"
Mitsubishi,Lancer Box,1984,Manual,Petrol,1400,186500,"Rs. 895,000"
Toyota,Corona AT140,1983,Manual,Diesel,2000,147000,"Rs. 875,000"
Toyota,Vitz,2008,Automatic,Petrol,1000,109000,"Rs. 5,590,000"
Perodua,Viva Elite Amiezt,2012,Automatic,Petrol,1000,138300,"Rs. 4,325,000"
Mitsubishi,Lancer Cs1,2008,Manual,Petrol,1350,112054,Negotiable
Kia,Cerato,2010,Automatic,Petrol,1600,152000,"Rs. 5,550,000(Ongoing Lease)"
Toyota,Vitz,2016,Automatic,Petrol,1000,84200,"Rs. 7,850,000"
Daihatsu,Boon,2008,Automatic,Petrol,1000,128000,"Rs. 4,725,000"
Suzuki,Wagon R Stingray,2018,Automatic,Hybrid,650,98000,"Rs. 7,550,000"
Toyota,Corolla,1990,Manual,Petrol,1300,20000,"Rs. 1,650,000"
Toyota,Belta,2010,Automatic,Petrol,1300,121000,Negotiable
Toyota,Camry G,2010,Automatic,Petrol,2400,162000,"Rs. 9,250,000"
Mitsubishi,Lancer Wagon,1979,Manual,Petrol,1400,11111,"Rs. 500,000"
Nissan,March K11,1997,Automatic,Petrol,990,187000,"Rs. 1,350,000(Ongoing Lease)"
Nissan,N16 Bluebird Sylphy,2001,Automatic,Petrol,1800,253000,"Rs. 4,450,000"
Suzuki,Spacia,2017,Automatic,Petrol,650,-,"Rs. 6,850,000"
Toyota,Vitz Edition 3,2020,Automatic,Petrol,990,14500,Negotiable
Toyota,Carina,1995,Automatic,Petrol,1500,180000,"Rs. 3,150,000"
Suzuki,Alto,2017,Manual,Petrol,800,130000,"Rs. 4,090,000"
Toyota,Vitz Safety,2016,Automatic,Petrol,1000,91500,"Rs. 7,750,000"
Toyota,Vitz Safety Edition,2017,Automatic,Petrol,1000,119000,"Rs. 8,250,000"
Toyota,Dx 74,1985,Manual,Petrol,1500,-,Negotiable
Nissan,FB15 Super Saloon Splend,2000,Automatic,Petrol,1500,187700,"Rs. 4,275,000"
Kia,Rio,2002,Manual,Petrol,1500,-,"Rs. 2,400,000"
Suzuki,Alto Lxi,2016,Manual,Petrol,800,80000,Negotiable
Nissan,B211,1979,Manual,Petrol,1490,186325,"Rs. 775,000"
Suzuki,Maruti 800,2005,Manual,Petrol,800,-,"Rs. 1,825,000"
Datsun,Redi-GO,2017,Manual,Petrol,800,75123,"Rs. 3,125,000"
Suzuki,Wagon R Stingray,2018,Automatic,Petrol,660,42000,"Rs. 7,450,000"
Nissan,VB11 Sunny,1985,Manual,Petrol,1300,123456,Negotiable
Suzuki,Alto Japan,2018,Automatic,Hybrid,650,88750,"Rs. 5,675,000"
Suzuki,Maruti,2006,Manual,Petrol,800,103860,"Rs. 1,900,000"
Ford,Escort,1973,Manual,Petrol,1100,-,"Rs. 1,150,000"
Toyota,Axio,2014,Automatic,Petrol,1500,175000,"Rs. 9,825,000"
Suzuki,Wagon R FZ PREMIUM,2018,Automatic,Hybrid,660,88000,"Rs. 7,075,000"
Nissan,DAYZ SAFETY,2018,Automatic,Petrol,-,-,Negotiable
Mitsubishi,Lancer,1985,Manual,Petrol,1400,50000,"Rs. 610,000"
Nissan,Cefiro J31,2007,Automatic,Petrol,2350,167000,"Rs. 7,400,000"
Suzuki,Wagon R Stingray CBB,2018,Automatic,Hybrid,650,49000,"Rs. 7,490,000"
Nissan,March K10,1988,Manual,Diesel,1500,100000,"Rs. 1,175,000"
Honda,Grace EX Sensing,2017,Automatic,Petrol,1500,85000,"Rs. 12,200,000"
Toyota,Platz,2000,Manual,Petrol,1300,195000,"Rs. 2,795,000"
Suzuki,Swift Ignis,2004,Automatic,Petrol,1300,130000,"Rs. 4,275,000"
Toyota,Prius,2013,Automatic,Hybrid,1800,195000,"Rs. 11,050,000"
Toyota,Carina 192,1995,Manual,Petrol,1490,250000,"Rs. 3,475,000"
Perodua,Viva Elite,2013,Automatic,Petrol,1000,48106,"Rs. 4,875,000"
Suzuki,Alto Lxi,2016,Manual,Petrol,800,85000,"Rs. 3,910,000"
Toyota,KE50,1974,Manual,Petrol,1300,100000,"Rs. 895,000(Ongoing Lease)"
Nissan,Wingroad,1999,Automatic,Petrol,1500,166000,"Rs. 2,695,000"
Mini,COOPER,2004,Automatic,Petrol,1600,50000,"Rs. 7,850,000"
Mitsubishi,EK Wagon,2015,Automatic,Petrol,660,101500,"Rs. 5,900,000"
Austin,A30,1958,Manual,Petrol,1000,358745,"Rs. 620,000"
Toyota,Aqua Urban Limited,2015,Automatic,Hybrid,1500,1500,"Rs. 8,825,000"
Toyota,Premio,2019,Automatic,Petrol,1500,49752,"Rs. 18,975,000"
Honda,Grace EX,2014,Automatic,Hybrid,1500,90000,Negotiable
Suzuki,WAGON R CANERA STINGRAY,2017,Automatic,Petrol,660,52000,"Rs. 7,495,000"
Micro,Panda,2017,Automatic,Petrol,1000,-,Negotiable
Suzuki,Maruti 800 EFI,2005,Manual,Petrol,800,98000,"Rs. 1,840,000"
Suzuki,ALTO,2014,Manual,Petrol,800,111600,"Rs. 3,650,000"
Micro,Panda Cross,2017,Automatic,Petrol,1000,-,Negotiable
Toyota,Corolla AE110,1996,Automatic,Petrol,-,127850,Negotiable
Suzuki,Alto,2013,Manual,Petrol,800,78300,"Rs. 3,195,000"
Suzuki,Wagon R Stingray,2015,Automatic,Hybrid,650,-,Negotiable
Nissan,N16 Sunny,2002,Automatic,Petrol,1500,162000,"Rs. 4,290,000"
Honda,Civic Tech Pack,2018,Automatic,Petrol,1000,65000,"Rs. 14,290,000"
Tata,Indica,2003,Manual,Petrol,1405,-,"Rs. 1,895,000"
Suzuki,Wagon R Stingray,2018,Automatic,Petrol,650,93500,"Rs. 7,680,000"
Suzuki,HUSTLER,2015,Automatic,Petrol,650,88000,"Rs. 6,285,000"
Micro,Panda,2014,Manual,Petrol,1000,-,Negotiable
Daihatsu,Move Emperor,2006,Automatic,Petrol,660,-,"Rs. 2,695,000"
Kia,Picanto,2017,Automatic,Petrol,1000,90000,"Rs. 5,775,000"
Toyota,AQUA,2012,Automatic,Petrol,1500,120000,"Rs. 7,150,000"
Mercedes-Benz,W115,1969,Manual,Diesel,2000,20000,"Rs. 590,000"
Toyota,COROLLA KE20,1973,Manual,Petrol,1200,290000,"Rs. 750,000"
Nissan,Leaf AZEO G Grade,2013,Automatic,Electric,70,92000,Negotiable
Micro,MX7,2014,Manual,Petrol,1500,-,"Rs. 3,295,000"
Datsun,Redi-GO,2016,Manual,Petrol,800,62000,"Rs. 3,100,000"
Suzuki,Maruti,2007,Manual,Petrol,800,90852,"Rs. 1,925,000"
Toyota,Aqua G Softleather,2013,Automatic,Hybrid,1500,165000,"Rs. 7,900,000"
Suzuki,Alto Japan,2017,Automatic,Petrol,650,95888,Negotiable
Mercedes-Benz,E 220,2012,Automatic,Diesel,2143,47900,"Rs. 20,350,000"
Suzuki,Alto,2015,Manual,Petrol,800,48000,"Rs. 3,925,000"
Suzuki,Maruti,2004,Manual,Petrol,790,810000,"Rs. 1,785,000"
Perodua,Kenari,2007,Automatic,Petrol,1000,-,"Rs. 3,695,000"
Toyota,Vitz U Grade,2008,Automatic,Petrol,1290,180000,Negotiable
Nissan,Sunny B310 GL,1982,Manual,Petrol,1300,131245,"Rs. 675,000"
Hyundai,EON Magna,2016,Manual,Petrol,814,67000,"Rs. 3,980,000"
Toyota,VITZ EDITION 2,2018,Automatic,Petrol,1000,35000,"Rs. 8,925,000"
Tata,Indigo GLX,2015,Automatic,Petrol,1200,141000,Negotiable
Nissan,Wingroad,2001,Automatic,Petrol,1500,178000,"Rs. 3,600,000"
Hyundai,Accent,2005,Manual,Petrol,1500,180000,"Rs. 2,550,000"
Toyota,Premio,2017,Automatic,Petrol,1500,59000,"Rs. 16,275,000"
BMW,318Im Spot,2018,Automatic,Petrol,1500,96000,Negotiable
Toyota,Aqua S Grade,2014,Automatic,Petrol,1500,-,Negotiable(Ongoing Lease)
Toyota,Axio,2007,Automatic,Petrol,1500,135000,Negotiable
Toyota,CT 170,1993,Manual,Diesel,2000,-,Negotiable
Toyota,Land Cruiser Prado V8,2011,Automatic,Diesel,4000,138000,Negotiable
Micro,Panda,2014,Manual,Petrol,1000,-,"Rs. 2,695,000"
Toyota,Corolla 121,2005,Automatic,Petrol,1500,226000,"Rs. 6,275,000"
Suzuki,Wagon R FZ,2014,Automatic,Petrol,-,-,Negotiable
Honda,FIT Shuttle,2012,Automatic,Petrol,-,-,Negotiable
Micro,Panda Cross,2014,Manual,Petrol,1300,-,"Rs. 3,195,000"
Volvo,240 GL,1993,Manual,Diesel,2000,152475,"Rs. 1,550,000"
Honda,Grace,2015,Automatic,Petrol,1500,96000,Negotiable
Honda,FIT Shuttle,2013,Automatic,Petrol,-,-,Negotiable
BYD,Atto 3,2025,Automatic,Electric,100,3000,"Rs. 15,750,000"
Toyota,Altezza,2000,Automatic,Petrol,2000,130000,Negotiable
Nissan,March AK12,2002,Automatic,Petrol,1300,140000,"Rs. 3,700,000"
Toyota,VITZ,2008,Automatic,Petrol,1000,125000,Negotiable
Toyota,Aqua,2013,Automatic,Hybrid,1500,-,"Rs. 7,750,000"
Toyota,Aqua,2015,Automatic,Hybrid,1500,100000,"Rs. 9,500,000"
Peugeot,500,2019,Automatic,Petrol,1500,88000,Negotiable
Suzuki,A-star,2010,Automatic,Petrol,1000,112000,"Rs. 4,325,000"
Mercedes-Benz,E250 Pure,2014,Automatic,Diesel,2200,92000,Negotiable
Suzuki,Spacia Custom Turbo,2025,Automatic,Petrol,660,0,"Rs. 11,300,000"
Suzuki,Swift Face-Lift,2015,Manual,Petrol,1200,142000,"Rs. 5,175,000"
Bajaj,Qute,2019,Manual,Petrol,2166,80,"Rs. 1,200,000"
Peugeot,504 GL,1985,Manual,Diesel,1899,56540,"Rs. 590,000"
Chery,Qq,2012,Manual,Petrol,800,102000,"Rs. 1,950,000"
Suzuki,Maruti EFI,2008,Manual,Petrol,800,78526,"Rs. 2,025,000"
Bajaj,Qute,2019,Manual,Petrol,2166,4000,Negotiable
Austin,A 40,1951,Manual,Petrol,1500,83000,Negotiable
Toyota,Vitz Edition 3 LED,2019,Automatic,Petrol,-,61000,"Rs. 9,450,000"
Toyota,Vitz,2016,Automatic,Petrol,990,115900,"Rs. 7,775,000"
Hyundai,Accent,2002,Manual,Petrol,1341,216325,"Rs. 2,450,000(Ongoing Lease)"
Toyota,Passo,2007,Automatic,Petrol,1000,150000,"Rs. 4,740,000"
Toyota,Premio G Superior,2018,Automatic,Petrol,1500,89000,"Rs. 19,200,000"
Toyota,KE72 Dx Wagon,1985,Manual,Petrol,1300,148000,"Rs. 1,450,000"
Nissan,March K12,2002,Automatic,Petrol,1000,132000,"Rs. 3,675,000"
Toyota,Camry CV30 Deisel,1991,Manual,Diesel,1970,20000,"Rs. 1,990,000"
Nissan,N16 Sunny,2004,Manual,Petrol,1300,190000,"Rs. 2,000,000(Ongoing Lease)"
Toyota,Passo,2007,Automatic,Petrol,1000,132000,Negotiable
Toyota,Premio 240,2007,Automatic,Petrol,1500,198357,Negotiable
Honda,Civic,2017,Automatic,Petrol,1000,80000,"Rs. 13,250,000"
Honda,Civic,1985,Manual,Petrol,1500,-,"Rs. 1,350,000"
Mitsubishi,Lancer,2003,Manual,Petrol,1300,84000,"Rs. 5,200,000"
Suzuki,Swift,2005,Automatic,Petrol,1320,-,"Rs. 4,300,000"
Suzuki,Swift,2007,Automatic,Petrol,1300,163000,"Rs. 5,675,000"
Suzuki,Wagon R Stingray J Style,2014,Automatic,Petrol,660,104000,Negotiable
Nissan,Nissan,1982,Manual,Petrol,-,-,"Rs. 585,000"
Toyota,Allion 260,2014,Automatic,Petrol,1490,127900,"Rs. 12,300,000"
Honda,Insight ZE2,2010,Automatic,Hybrid,1300,128000,"Rs. 7,375,000"
Toyota,Vitz,2015,Automatic,Petrol,1000,115000,"Rs. 7,750,000"
Toyota,Ke 74,1987,Manual,Petrol,1500,1234567,"Rs. 1,075,678"
Daihatsu,MOVE,2016,Automatic,Petrol,650,99960,"Rs. 6,750,000"
Toyota,Prius S LED,2013,Automatic,Hybrid,1800,113000,"Rs. 10,475,000"
Toyota,Premio,2017,Automatic,Petrol,-,90000,"Rs. 16,300,000"
Toyota,Carina AT 170,1993,Manual,Petrol,1490,214236,"Rs. 1,750,000"
Toyota,CE96,1990,Manual,Diesel,1970,250000,"Rs. 1,850,000"
Suzuki,Alto,2011,Manual,Petrol,1000,10200,Negotiable
Toyota,Premio,2007,Automatic,Petrol,1800,137000,Negotiable
Mazda,BHALP,1996,Manual,Petrol,1500,283000,"Rs. 3,000,000"
Suzuki,ALTO 800,2015,Manual,Petrol,800,135000,"Rs. 3,675,000"
Toyota,Vitz,2018,Automatic,Petrol,1000,48000,Negotiable
Toyota,Carina AT150,1985,Manual,Petrol,1452,0,"Rs. 1,350,000"
Suzuki,ALTO K10 Vxi,2011,Manual,Petrol,1000,105000,"Rs. 3,225,000"
Toyota,Vitz,2017,Automatic,Petrol,990,84828,"Rs. 8,275,000"
Toyota,Corolla A E 81,1987,Manual,Diesel,1500,100000,"Rs. 490,000"
Honda,Grace EX,2014,Automatic,Hybrid,1500,123500,"Rs. 9,695,000(Ongoing Lease)"
Toyota,Ce 96,1993,Manual,Diesel,1830,252000,"Rs. 1,925,000"
Toyota,AT 150,1984,Manual,Petrol,1490,170000,"Rs. 975,000"
Toyota,Axio,2007,Automatic,Petrol,1500,1630000,"Rs. 7,675,000"
Micro,Trend,2011,Manual,Petrol,1000,81000,"Rs. 1,890,000"
Toyota,Passo,2007,Automatic,Petrol,1300,143000,"Rs. 4,985,000"
Toyota,110,1997,Automatic,Diesel,2000,220000,"Rs. 3,400,000"
Honda,Grace,2016,Automatic,Petrol,1500,124000,"Rs. 11,200,000"
Micro,Mx7,2015,Manual,Petrol,1500,140000,"Rs. 3,985,000"
Suzuki,Maruti 800,2011,Manual,Petrol,800,44000,"Rs. 2,375,000(Ongoing Lease)"
Micro,Panda,2018,Manual,Petrol,1000,37100,"Rs. 3,500,000"
Suzuki,Wagon R ZX Custom Z,2023,Automatic,Hybrid,650,2990,Negotiable
Nissan,FB15,2000,Automatic,Petrol,1500,175000,"Rs. 4,000,000"
Toyota,110,2000,Manual,Diesel,1500,1525,"Rs. 2,950,000"
Suzuki,Wagon R Stingray J Style,2014,Automatic,Hybrid,660,92500,Negotiable
Toyota,Aqua,2013,Automatic,Hybrid,1500,110000,"Rs. 8,500,000"
Toyota,Axio X Grade,2007,Automatic,Petrol,1500,168000,"Rs. 7,500,000"
Toyota,Vitz Safety,2017,Automatic,Petrol,1000,70000,"Rs. 8,450,000"
Toyota,Prius Anniversary,2014,Automatic,Petrol,1800,122000,"Rs. 11,400,000"
Toyota,Premio G,2013,Automatic,Petrol,1490,160000,"Rs. 12,850,000"
Suzuki,Swift,2003,Automatic,Petrol,1300,204000,"Rs. 4,075,000"
Toyota,Prius G touring,2014,Automatic,Hybrid,1800,165000,"Rs. 11,490,000"
Honda,Fit Shuttle,2013,Automatic,Petrol,1300,124350,"Rs. 10,650,000"
Toyota,Prius G Grade,2015,Automatic,Hybrid,1800,150000,"Rs. 10,990,000"
Toyota,Allion 240,2004,Automatic,Petrol,1490,154000,Negotiable
Honda,City,1998,Manual,Petrol,1500,190000,Negotiable
Daewoo,Sport Racer GTI,1994,Manual,Petrol,1500,109845,"Rs. 1,375,000"
Nissan,B211,1977,Manual,Petrol,1200,150000,"Rs. 820,000"
Chevrolet,Cruze GM Model,2002,Automatic,Petrol,1300,172000,"Rs. 3,975,000"
Toyota,Corolla AE110,1997,Automatic,Petrol,1500,300000,"Rs. 4,100,000"
Toyota,Vitz,2016,Automatic,Petrol,1000,75000,"Rs. 8,100,000"
Morris,Minor,1953,Manual,Petrol,850,180000,"Rs. 2,250,000"
Honda,FIT GP5,2013,Automatic,Hybrid,1500,74500,"Rs. 8,500,000"
Mitsubishi,Attrage,2015,Automatic,Petrol,1200,139000,"Rs. 8,475,000"
Suzuki,Spacia Custom,2015,Automatic,Petrol,650,93000,"Rs. 6,790,000"
Toyota,Premio,2014,Automatic,Petrol,1499,80378,"Rs. 12,800,000"
Nissan,B310,1979,Manual,Petrol,1200,-,"Rs. 290,000"
Nissan,B12 Trad Sunny,1989,Manual,Petrol,1300,193000,"Rs. 1,580,000"
Suzuki,Estilo,2010,Manual,Petrol,1000,79000,"Rs. 3,625,000"
Toyota,Axio,2015,Automatic,Hybrid,1500,195000,"Rs. 11,500,000"
Perodua,Axia,2016,Automatic,Petrol,1000,56000,"Rs. 6,000,000"
Toyota,Starlet,1998,Automatic,Petrol,1330,-,"Rs. 3,500,000"
Micro,Panda,2015,Manual,Petrol,1000,101527,"Rs. 2,975,000"
Toyota,Prius,2011,Automatic,Hybrid,1800,123456,"Rs. 9,550,000"
Nissan,Hb12,1988,Manual,Petrol,1500,111111,"Rs. 1,580,000"
Hyundai,Coupe,2000,Manual,Petrol,1599,-,"Rs. 3,500,000"
Datsun,Redi-GO,2017,Manual,Petrol,800,37523,"Rs. 2,985,000"
Toyota,Premio,2017,Automatic,Petrol,-,110000,"Rs. 16,650,000"
Suzuki,ALTO K10,2015,Manual,Petrol,1000,108000,"Rs. 4,250,000"
Suzuki,Maruti 800,2004,Manual,Petrol,800,114000,"Rs. 1,700,000"
Honda,ES 1,2006,Automatic,Petrol,1,150000,"Rs. 5,600,000"
Toyota,CORONA,1986,Manual,Diesel,1490,-,"Rs. 550,000"
Toyota,Premio,2012,Automatic,Petrol,1500,152,"Rs. 11,200,000"
Toyota,Belta,2008,Automatic,Petrol,1300,169000,"Rs. 6,975,000"
Suzuki,Wagon R,2014,Automatic,Petrol,660,87640,"Rs. 5,725,000"
Suzuki,Maruti,1996,Manual,Petrol,800,-,"Rs. 1,095,000"
Mercedes-Benz,C180,2011,Automatic,Petrol,1600,164000,"Rs. 12,800,000"
Toyota,Corolla 110,1997,Automatic,Petrol,1500,182741,"Rs. 4,425,000"
Toyota,Corona,1992,Manual,Petrol,1500,-,"Rs. 1,850,000"
Daihatsu,Mira,2016,Automatic,Petrol,660,88000,"Rs. 5,125,000"
Suzuki,Alto Japan,2016,Automatic,Petrol,660,215000,Negotiable
Suzuki,Celerio VXI,2016,Automatic,Petrol,1000,58000,"Rs. 4,825,000"
Proton,Wira,2005,Manual,Petrol,1468,-,"Rs. 1,890,000"
BMW,520d,2016,Automatic,Diesel,2000,48000,"Rs. 31,750,000"
Suzuki,Celerio Vxi,2015,Automatic,Petrol,1000,72000,"Rs. 4,695,000"
Ford,Telstar,1981,Manual,Petrol,1600,257800,"Rs. 785,000"
Toyota,Roomy G,2023,Automatic,Petrol,1000,44000,Negotiable
Toyota,Corolla Elephant Back G Touring,1996,Automatic,Diesel,2000,250000,"Rs. 3,000,000"
Honda,FIT GP5,2014,Automatic,Petrol,1490,110000,"Rs. 7,950,000"
Toyota,Prius Alpha ZVW41,2014,Automatic,Hybrid,1800,206000,"Rs. 10,800,000"
Mercedes-Benz,Cla 180,2017,Automatic,Petrol,1600,82000,Negotiable
